{
    "out_vs_in_rate_ratio": [0.01]*10 + #  1%
                            [0.05]*10 + #  5%
                            [0.10]*10 + # 10%
                            [0.15]*10 + # 15%
                            [0.20]*10 + # 20%
                            [0.25]*10 + # 25%
                            [0.30]*10 + # 30%
                            [0.35]*10 + # 35%
                            [0.40]*10 + # 40%
                            [0.45]*10 + # 45%
                            [],

    "in_infections": [88393,88405,88464,88395,88471,88434,88370,88370,88421,88413] + #  1%
                     [82742,82537,82628,82648,82648,82834,82575,82795,82678,82550] + #  5%
                     [76752,76536,76759,76871,76814,76842,76857,76926,76583,76837] + # 10%
                     [72201,72239,72011,72101,71985,71993,71864,72240,72048,72127] + # 15%
                     [67889,67965,68280,68188,67890,68122,67991,67918,68015,67809] + # 20%
                     [64299,64394,64685,64420,64488,64490,64495,64186,64423,64286] + # 25%
                     [61928,61323,61558,61677,61254,61814,61390,61076,61455,61477] + # 30%
                     [58837,58642,58759,58785,58910,58573,58845,58832,58809,58684] + # 35%
                     [56311,56792,56300,56176,56105,56510,56412,56681,56503,56128] + # 40%
                     [54583,54030,54320,54199,54452,54158,54476,54469,53870,54393] + # 45%
                     [],

    "in_infections_percent": [0.88393, 0.88405, 0.88464, 0.88395, 0.88471, 0.88434, 0.8837, 0.8837, 0.88421, 0.88413] +   #  1%
                             [0.82742, 0.82537, 0.82628, 0.82648, 0.82648, 0.82834, 0.82575, 0.82795, 0.82678, 0.8255] +  #  5%
                             [0.76752, 0.76536, 0.76759, 0.76871, 0.76814, 0.76842, 0.76857, 0.76926, 0.76583, 0.76837] + # 10%
                             [0.72201, 0.72239, 0.72011, 0.72101, 0.71985, 0.71993, 0.71864, 0.7224, 0.72048, 0.72127] +  # 15%
                             [0.67889, 0.67965, 0.6828, 0.68188, 0.6789, 0.68122, 0.67991, 0.67918, 0.68015, 0.67809] +   # 20%
                             [0.64299, 0.64394, 0.64685, 0.6442, 0.64488, 0.6449, 0.64495, 0.64186, 0.64423, 0.64286] +   # 25%
                             [0.61928, 0.61323, 0.61558, 0.61677, 0.61254, 0.61814, 0.6139, 0.61076, 0.61455, 0.61477] +  # 30%
                             [0.58837, 0.58642, 0.58759, 0.58785, 0.5891, 0.58573, 0.58845, 0.58832, 0.58809, 0.58684] +  # 35%
                             [0.56311, 0.56792, 0.563, 0.56176, 0.56105, 0.5651, 0.56412, 0.56681, 0.56503, 0.56128] +    # 40%
                             [0.54583, 0.5403, 0.5432, 0.54199, 0.54452, 0.54158, 0.54476, 0.54469, 0.5387, 0.54393] +    # 45%
                             [],

    "out_infections": [11607,11595,11536,11605,11529,11566,11630,11630,11579,11587] + #  1%
                      [17258,17463,17372,17352,17352,17166,17425,17205,17322,17450] + #  5%
                      [23248,23464,23241,23129,23186,23158,23143,23074,23417,23163] + # 10%
                      [27799,27761,27989,27899,28015,28007,28136,27760,27952,27873] + # 15%
                      [32111,32035,31720,31812,32110,31878,32009,32082,31985,32191] + # 20%
                      [35701,35606,35315,35580,35512,35510,35505,35814,35577,35714] + # 25%
                      [38072,38677,38442,38323,38746,38186,38610,38924,38545,38523] + # 30%
                      [41163,41358,41241,41215,41090,41427,41155,41168,41191,41316] + # 35%
                      [43689,43208,43700,43824,43895,43490,43588,43319,43497,43872] + # 40%
                      [45417,45970,45680,45801,45548,45842,45524,45531,46130,45607] + # 45%
                      [],

    "out_infections_percent": [0.11607, 0.11595, 0.11536, 0.11605, 0.11529, 0.11566, 0.1163, 0.1163, 0.11579, 0.11587] +   #  1%
                              [0.17258, 0.17463, 0.17372, 0.17352, 0.17352, 0.17166, 0.17425, 0.17205, 0.17322, 0.1745] +  #  5%
                              [0.23248, 0.23464, 0.23241, 0.23129, 0.23186, 0.23158, 0.23143, 0.23074, 0.23417, 0.23163] + # 10%
                              [0.27799, 0.27761, 0.27989, 0.27899, 0.28015, 0.28007, 0.28136, 0.2776, 0.27952, 0.27873] +  # 15%
                              [0.32111, 0.32035, 0.3172, 0.31812, 0.3211, 0.31878, 0.32009, 0.32082, 0.31985, 0.32191] +   # 20%
                              [0.35701, 0.35606, 0.35315, 0.3558, 0.35512, 0.3551, 0.35505, 0.35814, 0.35577, 0.35714] +   # 25%
                              [0.38072, 0.38677, 0.38442, 0.38323, 0.38746, 0.38186, 0.3861, 0.38924, 0.38545, 0.38523] +  # 30%
                              [0.41163, 0.41358, 0.41241, 0.41215, 0.4109, 0.41427, 0.41155, 0.41168, 0.41191, 0.41316] +  # 35%
                              [0.43689, 0.43208, 0.437, 0.43824, 0.43895, 0.4349, 0.43588, 0.43319, 0.43497, 0.43872] +    # 40%
                              [0.45417, 0.4597, 0.4568, 0.45801, 0.45548, 0.45842, 0.45524, 0.45531, 0.4613, 0.45607] +    # 45%
                              [],
}
