{
    "out_vs_in_rate_ratio": [0.01]*10 + #  1%
                            [0.05]*10 + #  5%
                            [0.10]*10 + # 10%
                            [0.15]*10 + # 15%
                            [0.20]*10 + # 20%
                            [0.25]*10 + # 25%
                            [0.30]*10 + # 30%
                            [0.35]*10 + # 35%
                            [0.40]*10 + # 40%
                            [0.45]*10 + # 45%
                            [],

    "in_infections": [83543,83604,83746,83657,83634,83679,83785,83488,83623,83615] + #  1%
                     [68474,68321,68211,68226,68365,68591,68219,67958,68365,68173] + #  5%
                     [56691,56546,56824,56736,56701,56777,56732,56754,56546,56648] + # 10%
                     [49325,48876,49109,48913,49287,48878,48857,48980,48727,49219] + # 15%
                     [43446,43424,43486,43633,43126,43383,43397,43548,43501,43376] + # 20%
                     [39536,39824,39369,39458,39472,39939,39474,39355,39339,39461] + # 25%
                     [36199,35970,35991,36390,36356,35957,36128,36233,36085,36381] + # 30%
                     [33464,33445,33586,33741,33363,33628,33347,33436,33619,33563] + # 35%
                     [31505,31230,31673,31508,31546,31294,31490,31464,31333,31392] + # 40%
                     [29719,29415,29424,29756,29711,29554,29571,29792,29459,29715] + # 45%
                     [],

    "in_infections_percent": [0.8410143351856326, 0.841806373659568, 0.8431342937972556, 0.8419331139357709, 0.8415830624792457, 0.8421884278223412, 0.8431194968553459, 0.8405283505154639, 0.8416925848758442, 0.8416374763457745] +    #  1%
                             [0.6856931134276645, 0.6842706194601632, 0.6831894393141164, 0.6833465209683397, 0.6847113025189043, 0.6869816914386443, 0.6833037851698268, 0.6806213506665197, 0.6847250182786976, 0.6828293552619717] +   #  5%
                             [0.5670404192964382, 0.5657428714357179, 0.5684617000630245, 0.5674564675994919, 0.5672539191852497, 0.5679971988795518, 0.5675526966056083, 0.5677046343439598, 0.565629688906672, 0.5666840062422472] +    # 10%
                             [0.4932845299170942, 0.4888137695146466, 0.49111946716803007, 0.4891544577228861, 0.49290943275462035, 0.4888337717148886, 0.4886042022941606, 0.4898293897633858, 0.4873187318731873, 0.4922195331719903] + # 15%
                             [0.43446868937378746, 0.43424, 0.43486, 0.43633436334363346, 0.43126862537250743, 0.4338430152904587, 0.43397433974339744, 0.4354843548435484, 0.43501870037400747, 0.4337643376433764] +                    # 20%
                             [0.39536, 0.3982479649592992, 0.39369, 0.39458, 0.39472, 0.39939, 0.3947439474394744, 0.3935539355393554, 0.39339, 0.39461] +                                                                                # 25%
                             [0.36199, 0.3597, 0.35991, 0.3639, 0.36356, 0.3595735957359574, 0.36128, 0.36233, 0.36085, 0.36381] +                                                                                                        # 30%
                             [0.33464, 0.33445, 0.33586, 0.33741, 0.33363, 0.33628, 0.33347, 0.33436, 0.33619, 0.33563] +                                                                                                                 # 35%
                             [0.31505, 0.3123, 0.31673, 0.31508, 0.31546, 0.31294, 0.3149, 0.31464, 0.31333, 0.31392] +                                                                                                                   # 40%
                             [0.29719, 0.29415, 0.29424, 0.29756, 0.29711, 0.29554, 0.29571, 0.29792, 0.29459, 0.29715] +                                                                                                                 # 45%
                             [],

    "out_infections": [15793,15711,15581,15706,15743,15680,15590,15840,15728,15733] + #  1%
                      [31387,31524,31631,31615,31480,31253,31618,31889,31478,31666] + #  5%
                      [43286,43404,43137,43247,43256,43183,43227,43217,43424,43316] + # 10%
                      [50668,51113,50885,51082,50705,51111,51136,51014,51263,50775] + # 15%
                      [56552,56576,56514,56366,56872,56614,56602,56451,56497,56623] + # 20%
                      [60464,60174,60631,60542,60528,60061,60525,60644,60661,60539] + # 25%
                      [63801,64030,64009,63610,63644,64042,63872,63767,63915,63619] + # 30%
                      [66536,66555,66414,66259,66637,66372,66653,66564,66381,66437] + # 35%
                      [68495,68770,68327,68492,68454,68706,68510,68536,68667,68608] + # 40%
                      [70281,70585,70576,70244,70289,70446,70429,70208,70541,70285] + # 45%
                      [],

    "out_infections_percent": [0.1589856648143674, 0.15819362634043196, 0.15686570620274448, 0.15806688606422914, 0.1584169375207543, 0.1578115721776588, 0.1568805031446541, 0.15947164948453607, 0.15830741512415578, 0.15836252365422554] + #  1%
                              [0.3143068865723355, 0.31572938053983673, 0.3168105606858837, 0.31665347903166036, 0.3152886974810957, 0.3130183085613557, 0.3166962148301732, 0.3193786493334802, 0.31527498172130247, 0.31717064473802825] +   #  5%
                              [0.43295958070356183, 0.43425712856428217, 0.4315382999369754, 0.4325435324005081, 0.43274608081475036, 0.4320028011204482, 0.4324473033943917, 0.43229536565604026, 0.434370311093328, 0.4333159937577528] +    # 10%
                              [0.5067154700829059, 0.5111862304853534, 0.5088805328319699, 0.5108455422771139, 0.5070905672453796, 0.5111662282851114, 0.5113957977058394, 0.5101706102366141, 0.5126812681268127, 0.5077804668280097] +       # 15%
                              [0.5655313106262125, 0.56576, 0.56514, 0.5636656366563666, 0.5687313746274926, 0.5661569847095412, 0.5660256602566026, 0.5645156451564516, 0.5649812996259925, 0.5662356623566236] +                             # 20%
                              [0.60464, 0.6017520350407009, 0.60631, 0.60542, 0.60528, 0.60061, 0.6052560525605256, 0.6064460644606446, 0.60661, 0.60539] +                                                                                    # 25%
                              [0.63801, 0.6403, 0.64009, 0.6361, 0.63644, 0.6404264042640426, 0.63872, 0.63767, 0.63915, 0.63619] +                                                                                                            # 30%
                              [0.66536, 0.66555, 0.66414, 0.66259, 0.66637, 0.66372, 0.66653, 0.66564, 0.66381, 0.66437] +                                                                                                                     # 35%
                              [0.68495, 0.6877, 0.68327, 0.68492, 0.68454, 0.68706, 0.6851, 0.68536, 0.68667, 0.68608] +                                                                                                                       # 40%
                              [0.70281, 0.70585, 0.70576, 0.70244, 0.70289, 0.70446, 0.70429, 0.70208, 0.70541, 0.70285] +                                                                                                                     # 45%
                              []
}
