{
    "out_vs_in_rate_ratio": [0.00]*10 + #  0%
                            [0.05]*10 + #  5%
                            [0.10]*10 + # 10%
                            [0.15]*10 + # 15%
                            [0.20]*10 + # 20%
                            [0.25]*10 + # 25%
                            [0.30]*10 + # 30%
                            [0.35]*10 + # 35%
                            [0.40]*10 + # 40%
                            [0.45]*10 + # 45%
                            [0.50]*10 + # 50%
                            [],

    "in_infections": [89095,89122,89029,89035,89045,89127,89078,89025,89068,89090] + #  0%
                     [35540,35743,35564,35160,35217,35645,35680,35417,35539,35594] + #  5%
                     [25161,24871,25217,25210,25240,25163,25054,25173,25069,25284] + # 10%
                     [20331,20315,20588,20603,20346,20403,20593,20255,20617,20562] + # 15%
                     [17726,18031,17892,18036,17745,18089,17672,17671,17701,17962] + # 20%
                     [16181,15976,15869,16238,16247,16052,16161,16005,16201,15972] + # 25%
                     [14650,14814,14834,14680,14916,14732,14868,14961,14831,14956] + # 30%
                     [13832,13885,13861,13853,13909,14019,13804,13718,13767,13687] + # 35%
                     [13115,13344,13101,13003,12997,13213,13325,13179,13391,13086] + # 40%
                     [12639,12633,12711,12599,12356,12670,12615,12464,12389,12711] + # 45%
                     [12158,12113,12127,12051,12133,11934,12113,12320,11962,12289] + # 50%
                     [],

    "in_infections_percent": [0.8990867349513093, 0.8991142228768588, 0.8990194791424734, 0.8990255970111577, 0.8990357918118027, 0.8991193115901823, 0.8990694200528876, 0.8990154001514769, 0.8990592320426374, 0.8990816429508528] + #  0%
                             [0.3554, 0.35743, 0.35564355643556433, 0.3516, 0.35217, 0.35645, 0.3568, 0.35417, 0.35539, 0.35594] +                                                                                                      #  5%
                             [0.25161, 0.24871, 0.25217, 0.2521, 0.2524, 0.25163, 0.25054, 0.25173, 0.25069, 0.25284] +                                                                                                                 # 10%
                             [0.20331, 0.20315, 0.20588, 0.20603, 0.20346, 0.20403, 0.20593, 0.20255, 0.20617, 0.20562] +                                                                                                               # 15%
                             [0.17726, 0.18031, 0.17892, 0.18036, 0.17745, 0.18089, 0.17672, 0.17671, 0.17701, 0.17962] +                                                                                                               # 20%
                             [0.16181, 0.15976, 0.15869, 0.16238, 0.16247, 0.16052, 0.16161, 0.16005, 0.16201, 0.15972] +                                                                                                               # 25%
                             [0.1465, 0.14814, 0.14834, 0.1468, 0.14916, 0.14732, 0.14868, 0.14961, 0.14831, 0.14956] +                                                                                                                 # 30%
                             [0.13832, 0.13885, 0.13861, 0.13853, 0.13909, 0.14019, 0.13804, 0.13718, 0.13767, 0.13687] +                                                                                                               # 35%
                             [0.13115, 0.13344, 0.13101, 0.13003, 0.12997, 0.13213, 0.13325, 0.13179, 0.13391, 0.13086] +                                                                                                               # 40%
                             [0.12639, 0.12633, 0.12711, 0.12599, 0.12356, 0.1267, 0.12615, 0.12464, 0.12389, 0.12711] +                                                                                                                # 45%
                             [0.12158, 0.12113, 0.12127, 0.12051, 0.12133, 0.11934, 0.12113, 0.1232, 0.11962, 0.12289] +                                                                                                                # 50%
                             [],

    "out_infections": [10000,10000,10000,10000,10000,10000,10000,10000,10000,10000] + #  0%
                      [64460,64257,64435,64840,64783,64355,64320,64583,64461,64406] + #  5%
                      [74839,75129,74783,74790,74760,74837,74946,74827,74931,74716] + # 10%
                      [79669,79685,79412,79397,79654,79597,79407,79745,79383,79438] + # 15%
                      [82274,81969,82108,81964,82255,81911,82328,82329,82299,82038] + # 20%
                      [83819,84024,84131,83762,83753,83948,83839,83995,83799,84028] + # 25%
                      [85350,85186,85166,85320,85084,85268,85132,85039,85169,85044] + # 30%
                      [86168,86115,86139,86147,86091,85981,86196,86282,86233,86313] + # 35%
                      [86885,86656,86899,86997,87003,86787,86675,86821,86609,86914] + # 40%
                      [87361,87367,87289,87401,87644,87330,87385,87536,87611,87289] + # 45%
                      [87842,87887,87873,87949,87867,88066,87887,87680,88038,87711] + # 50%
                      [],