{
    "out_vs_in_rate_ratio": [0.01]*10 + #  1%
                            [0.05]*10 + #  5%
                            [0.10]*10 + # 10%
                            [0.15]*10 + # 15%
                            [0.20]*10 + # 20%
                            [0.25]*10 + # 25%
                            [0.30]*10 + # 30%
                            [0.35]*10 + # 35%
                            [0.40]*10 + # 40%
                            [0.45]*10 + # 45%
                            [],

    "in_infections": [83658,83643,83565,83698,83657,83808,83596,83694,83715,83530] + #  1%
                     [68324,68301,68355,68608,68430,68179,68419,68553,68416,68354] + #  5%
                     [56497,56774,56676,56566,56584,56753,56673,56561,56447,56522] + # 10%
                     [48777,49173,48836,49012,48876,48770,49244,48674,49178,49059] + # 15%
                     [43395,43775,43428,43537,43626,43640,43455,43638,43581,43606] + # 20%
                     [39336,39453,39393,39488,39846,39366,39583,39391,39462,39413] + # 25%
                     [36339,36115,36104,36168,36124,36025,36473,35796,36510,35995] + # 30%
                     [33804,33766,33508,33791,33749,33482,33658,33455,33654,33598] + # 35%
                     [31433,31772,31501,31219,31308,31256,31362,31178,31565,31580] + # 40%
                     [29584,29770,29425,29566,29582,29620,29573,29754,29772,29748] + # 45%
                     [],

    "in_infections_percent": [0.8420109707614111, 0.8416312813185486, 0.8412866203563878, 0.8424135675104424, 0.8423824388279126, 0.84379247505613, 0.8415309347882985, 0.8422715790956756, 0.8423727108070034, 0.8404096909207984] +          #  1%
                             [0.6844171975798373, 0.6842827659446571, 0.6848580789307578, 0.6871932530699734, 0.685520226002284, 0.682998908067279, 0.6852521408182684, 0.6866354831278358, 0.6851809195701596, 0.6847245735121761] +          #  5%
                             [0.5651904242654635, 0.5679785509914164, 0.5670151568205692, 0.5658750325123547, 0.5660381133396689, 0.5677684627543569, 0.5669908157752567, 0.5658023728067543, 0.5646676336717851, 0.5654574921467016] +        # 10%
                             [0.4878041462902403, 0.49176934154732377, 0.48842349505435706, 0.49017882145857505, 0.4887942155950917, 0.48774389695072556, 0.49247447321312493, 0.4867935472902019, 0.49183410175119263, 0.49061943716622997] + # 15%
                             [0.43396735869434777, 0.4377587551751035, 0.43429302879086373, 0.4353787075741515, 0.43627308819264576, 0.43641309239277176, 0.4345673826953078, 0.4363887277745555, 0.4358187163743275, 0.43608616516991017] +   # 20%
                             [0.3933639336393364, 0.39453, 0.39393, 0.39488, 0.39846, 0.39366, 0.39583, 0.39391, 0.39462, 0.39413] +                                                                                                           # 25%
                             [0.36339, 0.36115361153611536, 0.36104, 0.36168, 0.36124, 0.36025, 0.36473, 0.35796, 0.3651, 0.35995] +                                                                                                           # 30%
                             [0.33804, 0.33766, 0.33508, 0.33791, 0.33749, 0.33482, 0.33658, 0.33455, 0.33654, 0.33598] +                                                                                                                      # 35%
                             [0.31433, 0.31772, 0.31501, 0.31219, 0.31308, 0.31256, 0.31362, 0.31178, 0.31565, 0.3158] +                                                                                                                       # 40%
                             [0.29584, 0.2977, 0.29425, 0.29566, 0.29582, 0.2962, 0.29573, 0.29754, 0.29772, 0.29748] +                                                                                                                        # 45%
                             [],

    "out_infections": [15697,15739,15765,15657,15653,15515,15742,15673,15665,15862] + #  1%
                      [31504,31513,31454,31230,31392,31644,31426,31286,31435,31473] + #  5%
                      [43464,43184,43279,43396,43381,43205,43281,43405,43518,43436] + # 10%
                      [51216,50819,51151,50976,51117,51221,50749,51315,50811,50935] + # 15%
                      [56601,56223,56569,56461,56371,56357,56541,56360,56417,56388] + # 20%
                      [60663,60547,60607,60512,60154,60634,60417,60609,60538,60587] + # 25%
                      [63661,63884,63896,63832,63876,63975,63527,64204,63490,64005] + # 30%
                      [66196,66234,66492,66209,66251,66518,66342,66545,66346,66402] + # 35%
                      [68567,68228,68499,68781,68692,68744,68638,68822,68435,68420] + # 40%
                      [70416,70230,70575,70434,70418,70380,70427,70246,70228,70252] + # 45%
                      [],

    "out_infections_percent": [0.1579890292385889, 0.15836871868145136, 0.1587133796436122, 0.15758643248955764, 0.1576175611720874, 0.15620752494387, 0.15846906521170145, 0.15772842090432437, 0.15762728919299657, 0.15959030907920155] + #  1%
                              [0.3155828024201627, 0.3157172340553429, 0.31514192106924227, 0.31280674693002664, 0.31447977399771593, 0.3170010919327209, 0.3147478591817317, 0.3133645168721642, 0.31481908042984047, 0.3152754264878239] + #  5%
                              [0.4348095757345365, 0.4320214490085836, 0.43298484317943076, 0.4341249674876453, 0.43396188666033114, 0.43223153724564317, 0.4330091842247434, 0.4341976271932457, 0.43533236632821487, 0.4345425078532984] + # 10%
                              [0.5121958537097597, 0.5082306584526762, 0.5115765049456429, 0.509821178541425, 0.5112057844049084, 0.5122561030492744, 0.5075255267868751, 0.513206452709798, 0.5081658982488074, 0.50938056283377] +         # 15%
                              [0.5660326413056522, 0.5622412448248965, 0.5657069712091363, 0.5646212924258485, 0.5637269118073542, 0.5635869076072282, 0.5654326173046922, 0.5636112722254445, 0.5641812836256725, 0.5639138348300898] +     # 20%
                              [0.6066360663606636, 0.60547, 0.60607, 0.60512, 0.60154, 0.60634, 0.60417, 0.60609, 0.60538, 0.60587] +                                                                                                        # 25%
                              [0.63661, 0.6388463884638846, 0.63896, 0.63832, 0.63876, 0.63975, 0.63527, 0.64204, 0.6349, 0.64005] +                                                                                                         # 30%
                              [0.66196, 0.66234, 0.66492, 0.66209, 0.66251, 0.66518, 0.66342, 0.66545, 0.66346, 0.66402] +                                                                                                                   # 35%
                              [0.68567, 0.68228, 0.68499, 0.68781, 0.68692, 0.68744, 0.68638, 0.68822, 0.68435, 0.6842] +                                                                                                                    # 40%
                              [0.70416, 0.7023, 0.70575, 0.70434, 0.70418, 0.7038, 0.70427, 0.70246, 0.70228, 0.70252] +                                                                                                                     # 45%
                              []
}
